InputartistArtist,InputtrackTrack,InputtrackKey,Datestamp
100 PROOF AGED IN SOUL,EVERYTHING GOOD IS BAD,e2bd25ef-41c4-440a-b4e4-e7bcec4a3e39,2021-09-02 15:34:44.242350
101 BE,ROCK TO THE BEAT,c119e4b6-9e6d-4ec3-9799-d01d1e42c3d6,2021-09-02 15:34:44.242350
10CC,24 HOURS,f37c537b-3557-4031-bfd6-ab63ced32854,2021-09-02 15:34:44.242350
112,ONLY YOU,9132d515-dc0e-4494-85ae-20f06eed14f9,2021-09-02 15:34:44.242350
113,LES PRINCES DE LA VILLE,32dc3f24-253c-47ef-9f7c-157f8442f4a6,2021-09-02 15:34:44.242350
2 UNLIMITED,HERE I GO,515b236c-cce1-4dc2-aedd-50de7b1736e2,2021-09-02 15:34:44.242350
5 STAR,WHENEVER YOURE READY,605e3f29-a8a4-4880-bddd-b9abd73b1ac1,2021-09-02 15:34:44.242350
50 CENT,21 QUESTIONS,8e68819d-71be-4e7d-b41d-f1df81b01d3f,2021-09-02 15:34:44.242350
ACE,HOW LONG,241a85e3-da78-437e-a511-c18c14792ccc,2021-09-02 15:34:44.242350
ADELE,HOMETOWN GLORY,cc2c9c3c-b7bc-4b8b-84d8-4fbd8779e493,2021-09-02 15:34:44.242350
ALICE COOPER,POISON,ee58c59f-8e7f-4430-b8ca-236c4d3745ae,2021-09-02 15:34:44.242350
ALICIA KEYS,EMPIRE STATE OF MIND,8ef1df30-ae4f-4dbd-9351-1a32b208a01e,2021-09-02 15:34:44.242350
ALISHA,BABY TALK,705810d6-4dbd-42f1-be7f-1477625b6198,2021-09-02 15:34:44.242350
ARIANA GRANDE,SIDE TO SIDE,f4fdbb4c-e4b7-47a0-b83b-d91bbfcfa387,2021-09-02 15:34:44.242350
ATHLETE,WIRES,906cbb69-b793-463a-832d-b5bf850f01a2,2021-09-02 15:34:44.242350
AVA MAX,SO AM I,add5f522-25df-41c4-815e-0ca9f60b83e4,2021-09-02 15:34:44.242350
BADDIEL SKINNER LIGHTNING SEEDS,THREE LIONS,1ba601a0-3401-4b28-8ddd-9af8203661e8,2021-09-02 15:34:44.242350
BADDIEL SKINNER LIGHTNING SEEDS,THREE LIONS,4f69a7a1-a499-48f7-b0f4-d9bf2270cbd8,2021-09-02 15:34:44.242350
BEATLES,HEY JUDE,b10bbbfc-cf9e-42e0-be17-e2c3e1d2600d,2021-09-02 15:34:44.242350
BILLY HENDRIX,BODY SHINE,176ca6ea-8ca6-4419-aade-243ddabe89be,2021-09-02 15:34:44.242350
BILLY IDOL,DONT NEED A GUN,47c8f88b-987a-4b64-9175-2b1b57809727,2021-09-02 15:34:44.242350
BLOC PARTY,FLUX,8c538f11-c141-4588-8ecb-931083524186,2021-09-02 15:34:44.242350
BOEF,HABIBA,7ec554d3-ec3b-4ed8-b107-2f2e34f04301,2021-09-02 15:34:44.242350
BOYZ II MEN,4 SEASONS OF LONELINESS,b42eca0f-9381-43db-badb-1cba080a7dc2,2021-09-02 15:34:44.242350
BRAND NEW HEAVIES,MIDNIGHT AT THE OASIS,9b8d6e2c-2b4e-4924-82ae-226b4e701f6b,2021-09-02 15:34:44.242350
CAPTAIN,BROKE,3fbbb18b-e4aa-47e0-9135-84f02298519b,2021-09-02 15:34:44.242350
CELINE DION,TREAT HER LIKE A LADY,847e8a0c-cc20-4213-9e16-975515c2a926,2021-09-02 15:34:44.242350
CHICAGO,BABY WHAT A BIG SURPRISE,3f5be744-e867-42fb-8913-5fd69e4099b5,2021-09-02 15:34:44.242350
CHRIS REA,DRIVING HOME FOR CHRISTMAS,c707b37e-cb5c-4694-be4d-46beefcb2475,2021-09-02 15:34:44.242350
CHRISTINA AGUILERA,FIGHTER,b202beb7-99bd-47e7-8b72-195c8d72ebdd,2021-09-02 15:34:44.242350
CHUPITO,AMERICAN PIE,fcb9bfd9-060c-467a-a203-6073d649acaa,2021-09-02 15:34:44.242350
CLOUSEAU,EN DANS,e24a10ec-55b4-408e-858a-3d348e5fa47c,2021-09-02 15:34:44.242350
COLLEGE,A REAL HERO,d41396da-ed4b-4d0a-a902-d4bcd39cef62,2021-09-02 15:34:44.242350
CORRS,LONG NIGHT,acf6c776-d0f6-4239-b5a2-a45a613ffa52,2021-09-02 15:34:44.242350
CREED,HIGHER,4b1a830b-0a1f-42e5-b8d5-1d6743912e99,2021-09-02 15:34:44.242350
DAVE,FUNKY FRIDAY,f93bac9e-b20a-403e-abc9-06a2fc151df1,2021-09-02 15:34:44.242350
DAVID GUETTA,BABY WHEN THE LIGHT,302bd7b9-d012-4360-897a-93b00c855680,2021-09-02 15:34:44.242350
DEAD OR ALIVE,ID DO ANYTHING,98720123-fcec-47be-9e88-29a310fb2942,2021-09-02 15:34:44.242350
DENNIS YOST,STORMY,68cbd980-66c5-4612-9bca-981b9e5c6916,2021-09-02 15:34:44.242350
DENNIS YOST,STORMY,b78f2e0f-1c86-45f8-a93a-c3cd87d16d72,2021-09-02 15:34:44.242350
DIANA ROSS,CHAIN REACTION,60d41417-feda-4734-bbbf-7dcc30e08a83,2021-09-02 15:34:44.242350
DIRE STRAITS,MONEY FOR NOTHING,614e3804-7d34-41ba-857f-811bad7c2b7a,2021-09-02 15:34:44.242350
DJ FLEX,READY,24eb15f6-cd5a-40df-8a98-389319d1c533,2021-09-02 15:34:44.242350
DJ FRESH,GOLD DUST,77049387-0580-4a3a-a05f-d12b5d6b5042,2021-09-02 15:34:44.242350
DONNAS,FALL BEHIND ME,d70416d3-c006-4a8b-aebd-91a4f198591f,2021-09-02 15:34:44.242350
DRAKE,CLUB PARADISE,9fff2f8a-21e6-47de-a2b8-7f449929d43f,2021-09-02 15:34:44.242350
EAST 17,LET IT RAIN,ee20d564-25ca-4ef5-aba7-93a39f78ed60,2021-09-02 15:34:44.242350
EKO FRESH,EK IS BACK,3db42aef-5961-4c75-8f0f-432c9db2a894,2021-09-02 15:34:44.242350
ELVIS PRESLEY,JAILHOUSE ROCK,01809552-4f87-45b0-afff-2c6f0730a3be,2021-09-02 15:34:44.242350
EMINEM,WITHOUT ME,b95ce3ff-3d05-4e87-9e01-c97b66af13d4,2021-09-02 15:34:44.242350
ENRICO,WATER VERVE,153f885e-ee8c-4d0d-a072-5e3ae8151a04,2021-09-02 15:34:44.242350
ETTA JAMES,LOSERS WEEPERS PART I,e22d2f66-881e-41ca-9356-544697ee5f90,2021-09-02 15:34:44.242350
EVE,LET ME BLOW YA MIND,1ac10f5e-2079-4435-b78f-dda6ecdeba15,2021-09-02 15:34:44.242350
FALL OUT BOY,DANCE DANCE,516cef4d-0718-4007-9939-f9b38af3f784,2021-09-02 15:34:44.242350
FEEDER,PUSHING THE SENSES,88a4cd4e-5dee-4153-8462-0d5e43c75f47,2021-09-02 15:34:44.242350
FERGIE,BIG GIRLS DONT CRY,1c46e82f-4764-4d82-a33b-5d5aee5e2881,2021-09-02 15:34:44.242350
FILTER,HEY MAN NICE SHOT,6ae51665-8261-4ae5-883f-1899651ad31b,2021-09-02 15:34:44.242350
FOXY,GET OFF,3199d132-4ba1-4dc4-bef6-f024d0e2443b,2021-09-02 15:34:44.242350
FRENCH AFFAIR,MY HEART GOES BOOM LA DI DA DA,23c28813-14ff-48fd-9c83-ffab31f26273,2021-09-02 15:34:44.242350
FULL HOUSE,STANDING ON THE INSIDE,ec415a58-84f3-400c-b5ee-78a6f76fa20f,2021-09-02 15:34:44.242350
FUTURE,X,48262e82-db9f-4a92-b650-dfef979b73ec,2021-09-02 15:34:44.242350
GALLEON,I BELIEVE,ce8ed9d3-26a7-4ada-8f39-be58cb4073d5,2021-09-02 15:34:44.242350
GARY GLITTER,HOUSE OF THE RISING SUN,5e05d900-51e0-4dda-81e2-f4c0bd7ed5e6,2021-09-02 15:34:44.242350
GARY NUMAN,WE TAKE MYSTERY TO BED,6cb79cb2-9087-44d4-828b-5c6fdff2c957,2021-09-02 15:34:44.242350
GEORGE MICHAEL,MONKEY,ccb8f30e-4d71-40c4-8b1d-846dafe73e2c,2021-09-02 15:34:44.242350
GERRY AND THE PACEMAKERS,FERRY CROSS THE MERSEY,fe5fb618-2f8b-4158-92b6-464f31672bca,2021-09-02 15:34:44.242350
GINO VANNELLI,WILD HORSES,747e5054-f50b-498c-bff3-85f7313aeb80,2021-09-02 15:34:44.242350
GLORIA ESTEFAN,COMING OUT OF THE DARK,becd8cc6-a453-4183-af88-dedaaec859a6,2021-09-02 15:34:44.242350
GOLDEN EARRING,CLEAR NIGHT MOONLIGHT,75336c3d-2833-46cb-8037-b835cd7d646d,2021-09-02 15:34:44.242350
GORILLAZ,FEEL GOOD INC,e21857d5-3256-4547-afb3-4b6ded592596,2021-09-02 15:34:44.242350
GREEN DAY,MINORITY,084308bd-1654-436f-ba03-df6697104e19,2021-09-02 15:34:44.242350
GUN,RACE WITH THE DEVIL,4cf3cc48-f62d-4ff3-aa03-5e1014de16d7,2021-09-02 15:34:44.242350
GYRL,GET YOUR GROOVE ON FROM BAPS,8cd276d8-871a-4f03-818d-38ccfa95b833,2021-09-02 15:34:44.242350
HADDAWAY,LIFE EVERYBODY NEEDS SOMEBODY TO LOVE,6508cf1d-4da2-4d71-81ec-0e072338991f,2021-09-02 15:34:44.242350
HAPPY MONDAYS,STEP ON,01f4fb92-6bf0-4de5-83dc-3fe194e763bf,2021-09-02 15:34:44.242350
HEART,DREAMBOAT ANNIE,bdbd48f5-abf3-4a4f-9a21-4551dbc3fde9,2021-09-02 15:34:44.242350
HERB ALPERT,DIAMONDS,db76f244-049f-440e-be53-cc5f3c0cdfb6,2021-09-02 15:34:44.242350
HERMAN VAN KEEKEN,KOM MAAR DICHT BIJ MIJ,08646fc2-d10c-48aa-98d0-4f342f55b6c2,2021-09-02 15:34:44.242350
HOLLOWAYS,GENERATOR,ed0c90ee-4cc0-4928-8f61-93dbd7869eb9,2021-09-02 15:34:44.242350
HOT CHOCOLATE,MINDLESS BOOGIE,a749130e-c2d8-4a7c-b740-908ea4574961,2021-09-02 15:34:44.242350
HOZIER,TAKE ME TO CHURCH,b4691384-50c3-4afd-9988-51d3ec5db65d,2021-09-02 15:34:44.242350
IAN VAN DAHL,TRY,9fe4e32c-f2fa-4c06-877e-b827e95c587b,2021-09-02 15:34:44.242350
ILONA MITRECEY,DANS MA FUSEE,1c0186b4-6f73-4186-a5fb-ed997ee0b6df,2021-09-02 15:34:44.242350
IMAGINE DRAGONS,MONSTER,012151a8-0f9a-44c9-997f-ebd68b5389f9,2021-09-02 15:34:44.242350
IREEN SHEER,HEUT ABEND HAB ICH KOPFWEH,4dfa56a1-df62-4962-ab6e-78b88d5016cb,2021-09-02 15:34:44.242350
IRON MAIDEN,RUNNING FREE,ca891d65-d9b0-4258-89f7-e6ba29d83767,2021-09-02 15:34:44.242350
J HUS,MUST BE,eca85dd0-f1fb-4e83-8c47-61403f479254,2021-09-02 15:34:44.242350
JACK PENATE,TORN ON THE PLATFORM,9b64cf5d-1f4a-45b5-a84a-5109a88f178f,2021-09-02 15:34:44.242350
JACKSONS,STATE OF SHOCK,e5257dc5-1edd-4fca-b7e6-1158e00522c8,2021-09-02 15:34:44.242350
JAMES ARTHUR,GET DOWN,56f62fe8-d3a0-46e0-b5df-a64a8b4b4274,2021-09-02 15:34:44.242350
JAMES BROWN,THERE IT IS,20ff3303-4fe2-4a47-a1b6-291e26aa3438,2021-09-02 15:34:44.242350
JAMIROQUAI,CORNER OF THE EARTH,f4857fb9-e255-4dc6-bd01-e4ca7cc68544,2021-09-02 15:34:44.242350
JANET JACKSON,FEEDBACK,6be2828f-6c0d-4059-99d4-fa18acf1a296,2021-09-02 15:34:44.242350
JAX JONES BEBE REXHA,HARDER,a2507d4d-3387-4d31-a6e8-f2c9794fb37e,2021-09-02 15:34:44.242350
JAX JONES BEBE REXHA,HARDER,db8fad3a-e131-47a1-8782-c2ee93708cdd,2021-09-02 15:34:44.242350
JENIFER,JE DANSE,853dbc3e-8e00-4a1c-a2c4-8153eaa96e85,2021-09-02 15:34:44.242350
JESSE MCCARTNEY,LEAVIN,9d075d6e-9492-4343-ac95-93a808f61477,2021-09-02 15:34:44.242350
JIMMIE RODGERS,CHILD OF CLAY,d5bc8537-5bc5-4e37-915a-008c88436092,2021-09-02 15:34:44.242350
JODY REYNOLDS,FIRE OF LOVE,2ec1b269-51b4-4876-b0d0-17c0374f9d93,2021-09-02 15:34:44.242350
JOHN SPENCER,BYE BYE BLONDIE,c035835b-16d3-40a6-bfa4-19e3f9081531,2021-09-02 15:34:44.242350
JOHNNY LION,SOPHIETJE,237a5c07-9f54-4fa3-8002-508b75fc94f4,2021-09-02 15:34:44.242350
JOJO,LEAVE GET OUT,ed29398b-bbf3-42a0-8eff-8631509c271d,2021-09-02 15:34:44.242350
JORJA SMITH,BLUE LIGHTS,d62614aa-ef2c-44cd-8a7b-91292755a1d0,2021-09-02 15:34:44.242350
JOURNEY,SUZANNE,abd506e1-6f2b-4d6f-b937-92c267f6f88b,2021-09-02 15:34:44.242350
JUJU,VERMISSEN,1e83d617-ce32-4168-97d2-270808a1563c,2021-09-02 15:34:44.242350
JUL,WESH ALORS,8e6c44df-06fc-4852-83d0-ef0efed6630a,2021-09-02 15:34:44.242350
JULIAN COPE,WORLD SHUT YOUR MOUTH 1992,09d878d8-bc2e-4d04-b4aa-57ab614f93ab,2021-09-02 15:34:44.242350
JUNO REACTOR,PISTOLERO,16231a34-9ccd-410e-8690-f74e98fe16a4,2021-09-02 15:34:44.242350
JUSTIN BIEBER,HOLD TIGHT,e0140a67-e4d1-4f13-8a01-364355bee46e,2021-09-02 15:34:44.242350
KANE BROWN,USED TO LOVE YOU SOBER,a62e299b-4707-4ff5-ad53-d80b2b03319d,2021-09-02 15:34:44.242350
KANYE WEST,YE VS THE PEOPLE,164f0d73-1234-4e2c-8743-d77bf2191051,2021-09-02 15:34:44.242350
KATE BUSH,MOMENTS OF PLEASURE,4b585938-f271-45e2-b19a-91c634b5e396,2021-09-02 15:34:44.242350
KATE RYAN,VOYAGE VOYAGE,89d746b8-7d18-4baf-8cee-659b07771568,2021-09-02 15:34:44.242350
KATE WINSLET,WHAT IF,ceb05831-03e8-4605-904d-894ee0492d00,2021-09-02 15:34:44.242350
KATJA EBSTEIN,THEATER,1482ba1f-6b74-48f6-9ccb-e4cd5d615f0d,2021-09-02 15:34:44.242350
KEISHA WHITE,THE WEAKNESS IN ME,2c81a086-5f72-4ece-a890-bf26fd0090c1,2021-09-02 15:34:44.242350
KELLY CLARKSON,LOW,d339efbb-77b9-4147-ba9e-59f2f24550b2,2021-09-02 15:34:44.242350
KELLY ROWLAND,FOREVER AND A DAY,31bea673-d23a-4889-8da1-7cb040863268,2021-09-02 15:34:44.242350
KENNY THOMAS,BEST OF YOU,3f1bb8fe-c06f-4114-9078-25eecb066e64,2021-09-02 15:34:44.242350
KID ROCK,FIRST KISS,ad0ecd8b-805e-406e-82cb-5b00c3a3a29e,2021-09-02 15:34:44.242350
KINGS OF LEON,CALIFORNIA WAITING,6ffb8ea9-2370-44d8-b678-e9237bbd347b,2021-09-02 15:34:44.242350
KITSCHKRIEG,AUA OH OH GRINGO IST SAUER,bc8e482e-747b-4620-900e-1d5a6202ffbd,2021-09-02 15:34:44.242350
KOD,CHACUN SA ROUTE,919bb117-4ea8-4107-a924-80fe7ce95f56,2021-09-02 15:34:44.242350
KRIS,DIESE TAGE,e17e7a91-2542-45b2-aae5-94d200bf8fc7,2021-09-02 15:34:44.242350
KRIS ALLEN,FALLING SLOWLY,9ce29a24-b118-41a3-9297-2618f26b124d,2021-09-02 15:34:44.242350
KYGO,HIGHER LOVE,ba0e7638-0cd6-4ff4-8987-c3e224d22c23,2021-09-02 15:34:44.242350
KYLIE MINOGUE,BETTER THAN TODAY,2fddb92d-24b2-46a5-bf28-3aed46f4684c,2021-09-02 15:34:44.242350
L5,TOUTES LES FEMMES DE TA VIE,85fb3beb-7aba-4eb1-b67f-c872bfe48e8b,2021-09-02 15:34:44.242350
LA FOUINE,JAVAIS PAS LES MOTS,998f1ece-a2b0-47d2-93df-17553430ab73,2021-09-02 15:34:44.242350
LADY GAGA,DANCE IN THE DARK,f1a6f71c-eb25-4cf0-97e3-371f678bf8cc,2021-09-02 15:34:44.242350
LARUSSO,JE SURVIVRAI,ce402926-ad80-4555-a24b-fca1dc84911a,2021-09-02 15:34:44.242350
LAZYB,UNDERWEAR GOES INSIDE THE PANTS,e47fbf55-6aeb-4f6c-81f7-6dfdc7452539,2021-09-02 15:34:44.242350
LEILA K,OPEN SESAME,8f2fb138-2beb-4b4e-bed5-d0d33895aa5e,2021-09-02 15:34:44.242350
LEO SAYER,LIVING IN A FANTASY,74df4e2f-fe75-4b4a-87c5-3f1b4bc95aa2,2021-09-02 15:34:44.242350
LEONA LEWIS,ONE MORE SLEEP,8d552dfc-648f-401f-90de-e925013ca537,2021-09-02 15:34:44.242350
LEWIS CAPALDI,BEFORE YOU GO,526aab94-697f-44a9-b630-41d1c0505953,2021-09-02 15:34:44.242350
LIL DURK,THE VOICE,c9cd225b-4883-428e-82c2-73e0b6282fb6,2021-09-02 15:34:44.242350
LILAC TIME,AMERICAN EYES,6a4879ec-4f3e-48e0-8e5b-a75c36af1855,2021-09-02 15:34:44.242350
LIME,BABE WERE GONNA LOVE TONITE,062a2cc3-21ec-4868-910d-23c442f704d3,2021-09-02 15:34:44.242350
LINER,YOU AND ME,9625f8fc-6e09-4ec1-ad91-1bd7aa546d4b,2021-09-02 15:34:44.242350
LINKIN PARK,WAITING FOR THE END,f59c5520-5f46-4d2c-b2c4-822eabf53419,2021-09-02 15:34:44.242350
LL COOL J,FATHER,a4dd0e77-83b8-4e92-89b7-effb0e47fd8c,2021-09-02 15:34:44.242350
LONGVIEW,WHEN YOU SLEEP,6e67c3cc-5e38-44a3-be96-d2a6446ded5b,2021-09-02 15:34:44.242350
LOSTPROPHETS,ROOFTOPS A LIBERATION BROADCAST,ef6e2e49-aa93-41bd-89b0-8c7d2f260a83,2021-09-02 15:34:44.242350
LUCIANO DE,MIOS MIT BARS,4600b3b7-57ad-410d-b65d-ca0df36822dd,2021-09-02 15:34:44.242350
LUMINAIRE,FLOWER DUET,fed89e3b-6532-475d-93fd-4b927b4b444f,2021-09-02 15:34:44.242350
LUSCIOUS JACKSON,NAKED EYE,8be5d1de-e925-4e9f-b410-6d702cd8dcaa,2021-09-02 15:34:44.242350
M83,MIDNIGHT CITY,6d7b7cd4-254b-4c25-83f6-dd20f98ceacd,2021-09-02 15:34:44.242350
MADONNA,LIVE TO TELL,79239441-bfd5-4981-a70c-55c3f15c1287,2021-09-02 15:34:44.242350
MADRUGADA,LIFT ME,7520c1b4-59fe-4874-8a5f-6d4e6e36e98d,2021-09-02 15:34:44.242350
MAGIC BOX,CARILLON,e1b8a268-97fe-4bf7-b538-54814d403806,2021-09-02 15:34:44.242350
MANDY SMITH,A VICTIM OF PLEASURE,dfa02816-bf7b-4229-81e7-3e3d7a29537d,2021-09-02 15:34:44.242350
MARC ALMOND,A LOVER SPURNED,d67e6b0a-d2c6-4e4a-ba30-7834701535a1,2021-09-02 15:34:44.242350
MARCO BORSATO,SENTO,f07b0d13-ef03-4537-a5b4-9474e71a578f,2021-09-02 15:34:44.242350
MARIAH,THANK GOD I FOUND YOU,494e8d09-f85b-4543-892f-a5096aed1cd4,2021-09-02 15:34:44.242350
MARILLION,HOOKS IN YOU,1932f5b6-0b7b-4050-b1df-833ca89e5f44,2021-09-02 15:34:44.242350
MARILYN MANSON,THE NOBODIES,5dfdca28-9ddc-4853-933c-8bc97d87beec,2021-09-02 15:34:44.242350
MARK RONSON,VALERIE,c3c82bdc-d9e7-4836-9746-c24ead47ca19,2021-09-02 15:34:44.242350
MARTIN SOLVEIG,REJECTION,06db73fd-57e2-4a6f-bcd3-699fb7bb7af4,2021-09-02 15:34:44.242350
MASKINEN,KROSSA ALLA FONSTER,2f96b6f8-40bb-4092-adba-45ee900ffd3f,2021-09-02 15:34:44.242350
MASSIVE ATTACK,TEARDROP,10adbe5e-a2c0-4bf3-8249-2b4cbf6e6ca8,2021-09-02 15:34:44.242350
MAXX,I CAN MAKE YOU FEEL LIKE,24410e2a-1024-4662-8f47-f48b14b5d991,2021-09-02 15:34:44.242350
MC SOLAAR,LE RABBI MUFFIN,bbbd2644-b4cb-4bb5-a442-315310f68a0b,2021-09-02 15:34:44.242350
MEAT LOAF,ROCK AND ROLL DREAMS COME THROUGH,b134d1bf-c7c7-4427-93ac-9fdbc2b59ef1,2021-09-02 15:34:44.242350
MEMBERS OF MAYDAY,10IN01,620efc10-77da-428f-9d78-2ebc75760f46,2021-09-02 15:34:44.242350
METALLICA,MOTH INTO FLAME,65f4f0c5-ef9e-490c-aee3-909e7ae6b2ab,2021-09-02 15:34:44.242350
MICHAEL BOLTON,STEEL BARS,e8bee5d1-a3a5-4c1a-ada4-f1ca22101e84,2021-09-02 15:34:44.242350
MICHAEL JACKSON,BEAT IT,f27ec8db-af05-4f36-916e-3d57f91ecf5e,2021-09-02 15:34:44.242350
MICHAEL WATFORD,SO INTO YOU,82af8384-5687-4aff-93d0-eed97c93a420,2021-09-02 15:34:44.242350
MICHELLE GAYLE,DO YOU KNOW,199a1272-fc60-4bd9-8406-0c9a91d33674,2021-09-02 15:34:44.242350
MIDGE URE,NO REGRETS,24cac374-29bd-499f-a0f8-72165d2f2f43,2021-09-02 15:34:44.242350
MIKE CANDYS,BRING BACK THE LOVE,d22704f3-dcf9-4318-b6bb-9eedf565aafa,2021-09-02 15:34:44.242350
MIKE OLDFIELD,ISLANDS,a1684a49-feaa-4150-b758-d9412fc59f12,2021-09-02 15:34:44.242350
MILEY CYRUS,CANT BE TAMED,7e9bd05a-117f-4cce-87bc-e011527a8b18,2021-09-02 15:34:44.242350
MILK INC,WIDE AWAKE,67bb73ee-e70c-4bfd-9bf1-e7a09768f9a9,2021-09-02 15:34:44.242350
MIRANDA LAMBERT,THE HOUSE THAT BUILT ME,4eca1aa0-c79f-481b-af8a-4a2d6c41aa5c,2021-09-02 15:34:44.242350
MISTY OLDLAND,I WROTE YOU A SONG,84231cd8-3c7e-44f3-84d4-b1ab539d0a61,2021-09-02 15:34:44.242350
MN8,HAPPY,b1702b3d-36e7-4a77-b37a-72327ca49a57,2021-09-02 15:34:44.242350
MOBY,I FEEL IT,8970d868-0723-483b-a75b-51088913d3d4,2021-09-02 15:34:44.242350
MONDO ROCK,PRIMITIVE LOVE RITES,17559120-b3f5-48f4-a807-3c06163f6acb,2021-09-02 15:34:44.242350
MORGAN WALLEN,MORE THAN MY HOMETOWN,2077273e-eaa1-4f49-903c-f286ededecb9,2021-09-02 15:34:44.242350
MR PRESIDENT,TAKE ME TO THE LIMIT,6255d25c-8231-4ff5-9b49-e26d760d6466,2021-09-02 15:34:44.242350
MUSE,THE 2ND LAW UNSUSTAINABLE,9c9f1380-2516-4fc9-a3e6-f9f61941d090,2021-09-02 15:34:44.242350
NACASH,ELLE IMAGINE,ee37ea5a-faac-480a-bdc2-5e71f25b8ef0,2021-09-02 15:34:44.242350
NAS,STREET DREAMS,cfbc0924-0035-4d6c-8197-f024653af823,2021-09-02 15:34:44.242350
NATALIE COLE,IVE GOT LOVE ON MY MIND,eb45032c-80da-469c-be20-1d09f08ef37f,2021-09-02 15:34:44.242350
NAUGHTY BY NATURE,CRAZIEST,3bdcd49d-212e-4f4f-877a-eac1e4a2bddc,2021-09-02 15:34:44.242350
NEIL YOUNG,LONG MAY YOU RUN LIVE,75167b8b-44e4-407b-9d35-effe87b223cf,2021-09-02 15:34:44.242350
NELLY,JUST A DREAM,811900b2-68fc-4d41-8bad-69b7a1f4d628,2021-09-02 15:34:44.242350
NELLY FURTADO,IM LIKE A BIRD,13655113-cd16-4b43-9dca-cadbbf26ee05,2021-09-02 15:34:44.242350
NEW ORDER,60 MILES AN HOUR,f1106b17-dcbb-45f6-b938-199ccfab50cc,2021-09-02 15:34:44.242350
NEWTON FAULKNER,DREAM CATCH ME,ef0344c6-e24d-4fd3-be7e-c4eb9f62be2d,2021-09-02 15:34:44.242350
NICKELBACK,HOW YOU REMIND ME,bc710bcf-8815-42cf-bad2-3f1d12246aeb,2021-09-02 15:34:44.242350
NICO SANTOS,ROOFTOP,15316b5d-232c-4288-a74e-14f9912a5b1d,2021-09-02 15:34:44.242350
NINA NESBITT,WAY IN THE WORLD,a29b8b11-6654-4c27-8e21-e79b12042c52,2021-09-02 15:34:44.242350
NIRVANA,SMELLS LIKE TEEN SPIRIT,5b11f4ce-a62d-471e-81fc-a69a8278c7da,2021-09-02 15:34:44.242350
NOEL GALLAGHERS HIGH FLYING,RIVERMAN,d5f54887-117b-42a1-9aee-8780b84ebaba,2021-09-02 15:34:44.242350
NORAH JONES,SUNRISE,985c709c-7771-4de3-9024-7bda29ebe3f9,2021-09-02 15:34:44.242350
NORMAAL,T WURD TIED DAT WIJ WEER ES GOAT DANSEN,0096e98d-7dc7-437a-957a-6719ff1a0f20,2021-09-02 15:34:44.242350
NUSH,U GIRLS,4976d8ce-96ac-4382-af56-535698f83d35,2021-09-02 15:34:44.242350
OASIS,SOME MIGHT SAY,39ab1aed-75e0-4140-bd47-540276886b60,2021-09-02 15:34:44.242350
OCEAN COLOUR SCENE,TRAVELLERS TUNE,601d793d-7e96-4bb6-b4a6-712d5c926259,2021-09-02 15:34:44.242350
OLIVIA RUIZ,PARIS,5083e4bf-3246-4ab9-a6d3-23be8db8db2c,2021-09-02 15:34:44.242350
OMAR,OUTSIDE,8c41073b-4229-4eda-b45d-34513ed61304,2021-09-02 15:34:44.242350
ONE NIGHT ONLY,ITS ABOUT TIME,4e728a02-5bcd-426b-abe2-5537c921756d,2021-09-02 15:34:44.242350
ONEREPUBLIC,APOLOGIZE,c33c2065-b1c3-4406-b066-d33a9e2ea71a,2021-09-02 15:34:44.242350
OTIS REDDING,SITTIN ON THE DOCK OF THE BAY,82b1f5fd-cd31-41a9-b5d4-7e33f0eb9751,2021-09-02 15:34:44.242350
OUTKAST,HEY YA,73fdb566-a9b1-494c-9f32-51768ec9fd27,2021-09-02 15:34:44.242350
OWL CITY,FIREFLIES,ad279295-653f-42e1-9aaa-b731df2e78ba,2021-09-02 15:34:44.242350
PANDORA,ONE OF A KIND,1f7b9d53-e7f2-4a05-b7e5-12c1a572204c,2021-09-02 15:34:44.242350
PATTI AUSTIN,EVERY HOME SHOULD HAVE ONE,e58ae396-5050-4640-a5d1-8826b5c4ba13,2021-09-02 15:34:44.242350
PAUL KOULAK,FORT BOYARD,f4e05f94-1c2c-4d89-8fdd-3b2ee723fbdc,2021-09-02 15:34:44.242350
PAUL MCCARTNEY,TUG OF WAR,ba550d0e-adac-4864-b88b-407cab5e76af,2021-09-02 15:34:44.242350
PAUL WELLER,SUNFLOWER,c4406045-e640-4cfe-8b88-4732cce314d4,2021-09-02 15:34:44.242350
PEARL JAM,DAUGHTER,83b9cbe7-9857-49e2-ab8e-b57b01038103,2021-09-02 15:34:44.242350
PET SHOP BOYS,CAN YOU FORGIVE HER,be540c02-7898-4b79-9acc-c8122c7d9e83,2021-09-02 15:34:44.242350
PETER ANDRE,KISS THE GIRL,090e9c0a-6767-49e0-8f51-84a43226a174,2021-09-02 15:34:44.242350
PETER SCHAAP,VLIEGEN ALS EEN VOGEL,41794418-5094-43e4-8165-a7b8df4d8592,2021-09-02 15:34:44.242350
PHIL BARNEY,IL EST PARTI,d6a38384-02bd-4db8-8da6-e3ea22147be2,2021-09-02 15:34:44.242350
PHIL COLLINS,WHO SAID I WOULD,401c3991-b76b-499d-8082-9f2df958ef78,2021-09-02 15:34:44.242350
PIET VEERMAN,WHEN YOU WALK IN THE ROOM,ea98ec56-8ce2-42e2-b653-b5c649ec4065,2021-09-02 15:34:44.242350
PITBULL,TIMBER,d262ea27-3ffe-40f7-b922-85c42d625e67,2021-09-02 15:34:44.242350
PLACEBO,TOO MANY FRIENDS,847e8284-8582-4b0e-9c26-b042a4f49e57,2021-09-02 15:34:44.242350
PLASTIC BOY,TWIXT,bf5e4520-1938-49c4-befa-7bc723455343,2021-09-02 15:34:44.242350
PLEASURE GAME,LE SEIGNEUR DES TENEBRES,8105b12c-fddf-4f23-bcd7-fb0161789085,2021-09-02 15:34:44.242350
POCO LOCO GANG,POCO LOCO,b0f3a730-97b3-4f85-8f79-09be8b8b0f05,2021-09-02 15:34:44.242350
POINTER SISTERS,IM SO EXCITED,81bac815-97c5-4723-8f0b-4d8edfad1010,2021-09-02 15:34:44.242350
POISON,SOMETHING TO BELIEVE IN,c79c43d4-cbed-4373-89ce-6560f62eb7d8,2021-09-02 15:34:44.242350
PREZIOSO,LET ME STAY,05088a61-5588-4892-82e6-337e57096a43,2021-09-02 15:34:44.242350
PRIMAL SCREAM,AUTOBAHN 66,55704c38-224f-4b75-b29f-d43653f8bc9a,2021-09-02 15:34:44.242350
PRINCE ITAL JOE,UNITED,329c77e3-a4ad-4770-9081-a5716a20ab70,2021-09-02 15:34:44.242350
PROCLAIMERS,IM GONNA BE 500 MILES,1303b976-b862-4f04-94fd-a8d444e06714,2021-09-02 15:34:44.242350
PRODIGY,OUT OF SPACE,4a4ee089-93b1-4470-af9a-6ff575d32704,2021-09-02 15:34:44.242350
PUBLIC ENEMY,WELCOME TO THE TERRORDOME,bf2e15d0-4b77-469e-bfb4-f8414415baca,2021-09-02 15:34:44.242350
PULP,SOMETHING CHANGED,76b2e842-5e85-4c97-ab62-d5bc315595b5,2021-09-02 15:34:44.242350
QUEEN,TOO MUCH LOVE WILL KILL YOU,0383dadf-2a4e-4d10-a46a-e9e041da8eb3,2021-09-02 15:34:44.242350
QUEENS OF THE STONE AGE,MAKE IT WIT CHU,7dc8f5bd-9d0b-4087-9f73-dc164950bbd8,2021-09-02 15:34:44.242350
RADIOHEAD,NO SURPRISES,a74b1b7f-71a5-4011-9441-d0b5e4122711,2021-09-02 15:34:44.242350
RANK 1,AWAKENING,bd5d07eb-dcb8-4d11-b873-908401e92ee4,2021-09-02 15:34:44.242350
RAY CHARLES,GEORGIA ON MY MIND,2ce02909-598b-44ef-a456-151ba0a3bd70,2021-09-02 15:34:44.242350
REAL PEOPLE,ROLLING STONE,80c0829a-9fcf-49d9-9987-c84e8bfa8b9e,2021-09-02 15:34:44.242350
RED HOT CHILI PEPPERS,SCAR TISSUE,8bfac288-ccc5-448d-9573-c33ea2aa5c30,2021-09-02 15:34:44.242350
RENE FROGER,JUST SAY HELLO,d64758a9-5950-465e-8d5f-fb7a7ecd4843,2021-09-02 15:34:44.242350
REX GILDO,LASS MICH DICH NOCH EINMAL SPURN,bfcf00f6-65bb-4338-9211-5047e778b35a,2021-09-02 15:34:44.242350
RICHARD ASHCROFT,BUY IT IN BOTTLES,2d1d8985-47bc-4244-8cc3-577584e411f6,2021-09-02 15:34:44.242350
RICKY MARTIN,SHE BANGS,70ea63ea-70dc-4b63-951a-2c249d2b3b0a,2021-09-02 15:34:44.242350
RIHANNA,RUDE BOY,73e5e69d-3554-40d8-8516-00cb38737a1c,2021-09-02 15:34:44.242350
RITA ORA,ONLY WANT YOU,c9dd033c-0270-463c-b3ec-f4b7712486fe,2021-09-02 15:34:44.242350
RMB,BREAK THE SILENCE,b29c6896-8c6b-4ef5-9f33-57ba1131faac,2021-09-02 15:34:44.242350
ROB ZOMBIE,DRAGULA,c995a379-60b9-404b-bd97-a7e2de0751d3,2021-09-02 15:34:44.242350
ROBBIE WILLIAMS,CANDY,db4624cf-0e44-481e-a9dc-2142b833ec2f,2021-09-02 15:34:44.242350
ROBERT DOWNEY JR,SMILE,49e26070-0937-4178-a549-6bbe3c36f282,2021-09-02 15:34:44.242350
ROBERT MILES,CHILDREN,e83144dd-bb95-49fe-b1dd-00bab25cca9e,2021-09-02 15:34:44.242350
