track,artist,name,id,datestamp
EVERYTHING GOOD IS BAD,100 PROOF AGED IN SOUL,100 Proof (Aged in Soul),e2bd25ef-41c4-440a-b4e4-e7bcec4a3e39,2021-09-01 07:54:10.915773
ROCK TO THE BEAT,101 BE,101,c119e4b6-9e6d-4ec3-9799-d01d1e42c3d6,2021-09-01 07:54:10.915773
24 HOURS,10CC,10cc,f37c537b-3557-4031-bfd6-ab63ced32854,2021-09-01 07:54:10.915773
ONLY YOU,112,112,9132d515-dc0e-4494-85ae-20f06eed14f9,2021-09-01 07:54:10.915773
LES PRINCES DE LA VILLE,113,113,32dc3f24-253c-47ef-9f7c-157f8442f4a6,2021-09-01 07:54:10.915773
HERE I GO,2 UNLIMITED,2 Unlimited,515b236c-cce1-4dc2-aedd-50de7b1736e2,2021-09-01 07:54:10.915773
WHENEVER YOURE READY,5 STAR,Five Star,605e3f29-a8a4-4880-bddd-b9abd73b1ac1,2021-09-01 07:54:10.915773
21 QUESTIONS,50 CENT,50 Cent,8e68819d-71be-4e7d-b41d-f1df81b01d3f,2021-09-01 07:54:10.915773
HOW LONG,ACE,Ace,241a85e3-da78-437e-a511-c18c14792ccc,2021-09-01 07:54:10.915773
HOMETOWN GLORY,ADELE,Adele,cc2c9c3c-b7bc-4b8b-84d8-4fbd8779e493,2021-09-01 07:54:10.915773
POISON,ALICE COOPER,Alice Cooper,ee58c59f-8e7f-4430-b8ca-236c4d3745ae,2021-09-01 07:54:10.915773
EMPIRE STATE OF MIND,ALICIA KEYS,Alicia Keys,8ef1df30-ae4f-4dbd-9351-1a32b208a01e,2021-09-01 07:54:10.915773
BABY TALK,ALISHA,Alisha,705810d6-4dbd-42f1-be7f-1477625b6198,2021-09-01 07:54:10.915773
SIDE TO SIDE,ARIANA GRANDE,Ariana Grande,f4fdbb4c-e4b7-47a0-b83b-d91bbfcfa387,2021-09-01 07:54:10.915773
WIRES,ATHLETE,Athlete,906cbb69-b793-463a-832d-b5bf850f01a2,2021-09-01 07:54:10.915773
SO AM I,AVA MAX,Ava Max,add5f522-25df-41c4-815e-0ca9f60b83e4,2021-09-01 07:54:10.915773
THREE LIONS,BADDIEL SKINNER LIGHTNING SEEDS,The Lightning Seeds,1ba601a0-3401-4b28-8ddd-9af8203661e8,2021-09-01 07:54:10.915773
THREE LIONS,BADDIEL SKINNER LIGHTNING SEEDS,David Baddiel,4f69a7a1-a499-48f7-b0f4-d9bf2270cbd8,2021-09-01 07:54:10.915773
HEY JUDE,BEATLES,The Beatles,b10bbbfc-cf9e-42e0-be17-e2c3e1d2600d,2021-09-01 07:54:10.915773
BODY SHINE,BILLY HENDRIX,Billy Hendrix,176ca6ea-8ca6-4419-aade-243ddabe89be,2021-09-01 07:54:10.915773
DONT NEED A GUN,BILLY IDOL,Billy Idol,47c8f88b-987a-4b64-9175-2b1b57809727,2021-09-01 07:54:10.915773
FLUX,BLOC PARTY,Bloc Party,8c538f11-c141-4588-8ecb-931083524186,2021-09-01 07:54:10.915773
HABIBA,BOEF,Boef,7ec554d3-ec3b-4ed8-b107-2f2e34f04301,2021-09-01 07:54:10.915773
4 SEASONS OF LONELINESS,BOYZ II MEN,Boyz II Men,b42eca0f-9381-43db-badb-1cba080a7dc2,2021-09-01 07:54:10.915773
MIDNIGHT AT THE OASIS,BRAND NEW HEAVIES,The Brand New Heavies,9b8d6e2c-2b4e-4924-82ae-226b4e701f6b,2021-09-01 07:54:10.915773
BROKE,CAPTAIN,Captain,3fbbb18b-e4aa-47e0-9135-84f02298519b,2021-09-01 07:54:10.915773
TREAT HER LIKE A LADY,CELINE DION,Céline Dion,847e8a0c-cc20-4213-9e16-975515c2a926,2021-09-01 07:54:10.915773
BABY WHAT A BIG SURPRISE,CHICAGO,Chicago,3f5be744-e867-42fb-8913-5fd69e4099b5,2021-09-01 07:54:10.915773
DRIVING HOME FOR CHRISTMAS,CHRIS REA,Chris Rea,c707b37e-cb5c-4694-be4d-46beefcb2475,2021-09-01 07:54:10.915773
FIGHTER,CHRISTINA AGUILERA,Christina Aguilera,b202beb7-99bd-47e7-8b72-195c8d72ebdd,2021-09-01 07:54:10.915773
AMERICAN PIE,CHUPITO,Chupito,fcb9bfd9-060c-467a-a203-6073d649acaa,2021-09-01 07:54:10.915773
EN DANS,CLOUSEAU,Clouseau,e24a10ec-55b4-408e-858a-3d348e5fa47c,2021-09-01 07:54:10.915773
A REAL HERO,COLLEGE,College,d41396da-ed4b-4d0a-a902-d4bcd39cef62,2021-09-01 07:54:10.915773
LONG NIGHT,CORRS,The Corrs,acf6c776-d0f6-4239-b5a2-a45a613ffa52,2021-09-01 07:54:10.915773
HIGHER,CREED,Creed,4b1a830b-0a1f-42e5-b8d5-1d6743912e99,2021-09-01 07:54:10.915773
FUNKY FRIDAY,DAVE,Dave,f93bac9e-b20a-403e-abc9-06a2fc151df1,2021-09-01 07:54:10.915773
BABY WHEN THE LIGHT,DAVID GUETTA,David Guetta,302bd7b9-d012-4360-897a-93b00c855680,2021-09-01 07:54:10.915773
ID DO ANYTHING,DEAD OR ALIVE,Dead or Alive,98720123-fcec-47be-9e88-29a310fb2942,2021-09-01 07:54:10.915773
STORMY,DENNIS YOST,Dennis Yost,68cbd980-66c5-4612-9bca-981b9e5c6916,2021-09-01 07:54:10.915773
STORMY,DENNIS YOST,Classics IV,b78f2e0f-1c86-45f8-a93a-c3cd87d16d72,2021-09-01 07:54:10.915773
CHAIN REACTION,DIANA ROSS,Diana Ross,60d41417-feda-4734-bbbf-7dcc30e08a83,2021-09-01 07:54:10.915773
MONEY FOR NOTHING,DIRE STRAITS,Dire Straits,614e3804-7d34-41ba-857f-811bad7c2b7a,2021-09-01 07:54:10.915773
READY,DJ FLEX,DJ Flex,24eb15f6-cd5a-40df-8a98-389319d1c533,2021-09-01 07:54:10.915773
GOLD DUST,DJ FRESH,DJ Fresh,77049387-0580-4a3a-a05f-d12b5d6b5042,2021-09-01 07:54:10.915773
FALL BEHIND ME,DONNAS,The Donnas,d70416d3-c006-4a8b-aebd-91a4f198591f,2021-09-01 07:54:10.915773
CLUB PARADISE,DRAKE,Drake,9fff2f8a-21e6-47de-a2b8-7f449929d43f,2021-09-01 07:54:10.915773
LET IT RAIN,EAST 17,East 17,ee20d564-25ca-4ef5-aba7-93a39f78ed60,2021-09-01 07:54:10.915773
EK IS BACK,EKO FRESH,Eko Fresh,3db42aef-5961-4c75-8f0f-432c9db2a894,2021-09-01 07:54:10.915773
JAILHOUSE ROCK,ELVIS PRESLEY,Elvis Presley,01809552-4f87-45b0-afff-2c6f0730a3be,2021-09-01 07:54:10.915773
WITHOUT ME,EMINEM,Eminem,b95ce3ff-3d05-4e87-9e01-c97b66af13d4,2021-09-01 07:54:10.915773
WATER VERVE,ENRICO,Enrico,153f885e-ee8c-4d0d-a072-5e3ae8151a04,2021-09-01 07:54:10.915773
LOSERS WEEPERS PART I,ETTA JAMES,Etta James,e22d2f66-881e-41ca-9356-544697ee5f90,2021-09-01 07:54:10.915773
LET ME BLOW YA MIND,EVE,Eve,1ac10f5e-2079-4435-b78f-dda6ecdeba15,2021-09-01 07:54:10.915773
DANCE DANCE,FALL OUT BOY,Fall Out Boy,516cef4d-0718-4007-9939-f9b38af3f784,2021-09-01 07:54:10.915773
PUSHING THE SENSES,FEEDER,Feeder,88a4cd4e-5dee-4153-8462-0d5e43c75f47,2021-09-01 07:54:10.915773
BIG GIRLS DONT CRY,FERGIE,Fergie,1c46e82f-4764-4d82-a33b-5d5aee5e2881,2021-09-01 07:54:10.915773
HEY MAN NICE SHOT,FILTER,Filter,6ae51665-8261-4ae5-883f-1899651ad31b,2021-09-01 07:54:10.915773
GET OFF,FOXY,Foxy,3199d132-4ba1-4dc4-bef6-f024d0e2443b,2021-09-01 07:54:10.915773
MY HEART GOES BOOM LA DI DA DA,FRENCH AFFAIR,French Affair,23c28813-14ff-48fd-9c83-ffab31f26273,2021-09-01 07:54:10.915773
STANDING ON THE INSIDE,FULL HOUSE,Full House,ec415a58-84f3-400c-b5ee-78a6f76fa20f,2021-09-01 07:54:10.915773
X,FUTURE,Future,48262e82-db9f-4a92-b650-dfef979b73ec,2021-09-01 07:54:10.915773
I BELIEVE,GALLEON,Galleon,ce8ed9d3-26a7-4ada-8f39-be58cb4073d5,2021-09-01 07:54:10.915773
HOUSE OF THE RISING SUN,GARY GLITTER,Gary Glitter,5e05d900-51e0-4dda-81e2-f4c0bd7ed5e6,2021-09-01 07:54:10.915773
WE TAKE MYSTERY TO BED,GARY NUMAN,Gary Numan,6cb79cb2-9087-44d4-828b-5c6fdff2c957,2021-09-01 07:54:10.915773
MONKEY,GEORGE MICHAEL,George Michael,ccb8f30e-4d71-40c4-8b1d-846dafe73e2c,2021-09-01 07:54:10.915773
FERRY CROSS THE MERSEY,GERRY AND THE PACEMAKERS,Gerry and the Pacemakers,fe5fb618-2f8b-4158-92b6-464f31672bca,2021-09-01 07:54:10.915773
WILD HORSES,GINO VANNELLI,Gino Vannelli,747e5054-f50b-498c-bff3-85f7313aeb80,2021-09-01 07:54:10.915773
COMING OUT OF THE DARK,GLORIA ESTEFAN,Gloria Estefan,becd8cc6-a453-4183-af88-dedaaec859a6,2021-09-01 07:54:10.915773
CLEAR NIGHT MOONLIGHT,GOLDEN EARRING,Golden Earring,75336c3d-2833-46cb-8037-b835cd7d646d,2021-09-01 07:54:10.915773
FEEL GOOD INC,GORILLAZ,Gorillaz,e21857d5-3256-4547-afb3-4b6ded592596,2021-09-01 07:54:10.915773
MINORITY,GREEN DAY,Green Day,084308bd-1654-436f-ba03-df6697104e19,2021-09-01 07:54:10.915773
RACE WITH THE DEVIL,GUN,The Gun,4cf3cc48-f62d-4ff3-aa03-5e1014de16d7,2021-09-01 07:54:10.915773
GET YOUR GROOVE ON FROM BAPS,GYRL,Gyrl,8cd276d8-871a-4f03-818d-38ccfa95b833,2021-09-01 07:54:10.915773
LIFE EVERYBODY NEEDS SOMEBODY TO LOVE,HADDAWAY,Haddaway,6508cf1d-4da2-4d71-81ec-0e072338991f,2021-09-01 07:54:10.915773
STEP ON,HAPPY MONDAYS,Happy Mondays,01f4fb92-6bf0-4de5-83dc-3fe194e763bf,2021-09-01 07:54:10.915773
DREAMBOAT ANNIE,HEART,Heart,bdbd48f5-abf3-4a4f-9a21-4551dbc3fde9,2021-09-01 07:54:10.915773
DIAMONDS,HERB ALPERT,Herb Alpert,db76f244-049f-440e-be53-cc5f3c0cdfb6,2021-09-01 07:54:10.915773
KOM MAAR DICHT BIJ MIJ,HERMAN VAN KEEKEN,Herman van Keeken,08646fc2-d10c-48aa-98d0-4f342f55b6c2,2021-09-01 07:54:10.915773
GENERATOR,HOLLOWAYS,The Holloways,ed0c90ee-4cc0-4928-8f61-93dbd7869eb9,2021-09-01 07:54:10.915773
MINDLESS BOOGIE,HOT CHOCOLATE,Hot Chocolate,a749130e-c2d8-4a7c-b740-908ea4574961,2021-09-01 07:54:10.915773
TAKE ME TO CHURCH,HOZIER,Hozier,b4691384-50c3-4afd-9988-51d3ec5db65d,2021-09-01 07:54:10.915773
TRY,IAN VAN DAHL,Ian Van Dahl,9fe4e32c-f2fa-4c06-877e-b827e95c587b,2021-09-01 07:54:10.915773
DANS MA FUSEE,ILONA MITRECEY,Ilona Mitrecey,1c0186b4-6f73-4186-a5fb-ed997ee0b6df,2021-09-01 07:54:10.915773
MONSTER,IMAGINE DRAGONS,Imagine Dragons,012151a8-0f9a-44c9-997f-ebd68b5389f9,2021-09-01 07:54:10.915773
HEUT ABEND HAB ICH KOPFWEH,IREEN SHEER,Ireen Sheer,4dfa56a1-df62-4962-ab6e-78b88d5016cb,2021-09-01 07:54:10.915773
RUNNING FREE,IRON MAIDEN,Iron Maiden,ca891d65-d9b0-4258-89f7-e6ba29d83767,2021-09-01 07:54:10.915773
MUST BE,J HUS,J Hus,eca85dd0-f1fb-4e83-8c47-61403f479254,2021-09-01 07:54:10.915773
TORN ON THE PLATFORM,JACK PENATE,Jack Peñate,9b64cf5d-1f4a-45b5-a84a-5109a88f178f,2021-09-01 07:54:10.915773
STATE OF SHOCK,JACKSONS,The Jackson 5,e5257dc5-1edd-4fca-b7e6-1158e00522c8,2021-09-01 07:54:10.915773
GET DOWN,JAMES ARTHUR,James Arthur,56f62fe8-d3a0-46e0-b5df-a64a8b4b4274,2021-09-01 07:54:10.915773
THERE IT IS,JAMES BROWN,James Brown,20ff3303-4fe2-4a47-a1b6-291e26aa3438,2021-09-01 07:54:10.915773
CORNER OF THE EARTH,JAMIROQUAI,Jamiroquai,f4857fb9-e255-4dc6-bd01-e4ca7cc68544,2021-09-01 07:54:10.915773
FEEDBACK,JANET JACKSON,Janet Jackson,6be2828f-6c0d-4059-99d4-fa18acf1a296,2021-09-01 07:54:10.915773
HARDER,JAX JONES BEBE REXHA,Bebe Rexha,db8fad3a-e131-47a1-8782-c2ee93708cdd,2021-09-01 07:54:10.915773
HARDER,JAX JONES BEBE REXHA,Jax Jones,a2507d4d-3387-4d31-a6e8-f2c9794fb37e,2021-09-01 07:54:10.915773
JE DANSE,JENIFER,Jenifer,853dbc3e-8e00-4a1c-a2c4-8153eaa96e85,2021-09-01 07:54:10.915773
LEAVIN,JESSE MCCARTNEY,Jesse McCartney,9d075d6e-9492-4343-ac95-93a808f61477,2021-09-01 07:54:10.915773
CHILD OF CLAY,JIMMIE RODGERS,Jimmie Rodgers,d5bc8537-5bc5-4e37-915a-008c88436092,2021-09-01 07:54:10.915773
FIRE OF LOVE,JODY REYNOLDS,Jody Reynolds,2ec1b269-51b4-4876-b0d0-17c0374f9d93,2021-09-01 07:54:10.915773
BYE BYE BLONDIE,JOHN SPENCER,John Spencer,c035835b-16d3-40a6-bfa4-19e3f9081531,2021-09-01 07:54:10.915773
SOPHIETJE,JOHNNY LION,Johnny Lion,237a5c07-9f54-4fa3-8002-508b75fc94f4,2021-09-01 07:54:10.915773
LEAVE GET OUT,JOJO,JoJo,ed29398b-bbf3-42a0-8eff-8631509c271d,2021-09-01 07:54:10.915773
BLUE LIGHTS,JORJA SMITH,Jorja Smith,d62614aa-ef2c-44cd-8a7b-91292755a1d0,2021-09-01 07:54:10.915773
SUZANNE,JOURNEY,Journey,abd506e1-6f2b-4d6f-b937-92c267f6f88b,2021-09-01 07:54:10.915773
VERMISSEN,JUJU,Juju,1e83d617-ce32-4168-97d2-270808a1563c,2021-09-01 07:54:10.915773
WESH ALORS,JUL,Jul,8e6c44df-06fc-4852-83d0-ef0efed6630a,2021-09-01 07:54:10.915773
WORLD SHUT YOUR MOUTH 1992,JULIAN COPE,Julian Cope,09d878d8-bc2e-4d04-b4aa-57ab614f93ab,2021-09-01 07:54:10.915773
PISTOLERO,JUNO REACTOR,Juno Reactor,16231a34-9ccd-410e-8690-f74e98fe16a4,2021-09-01 07:54:10.915773
HOLD TIGHT,JUSTIN BIEBER,Justin Bieber,e0140a67-e4d1-4f13-8a01-364355bee46e,2021-09-01 07:54:10.915773
USED TO LOVE YOU SOBER,KANE BROWN,Kane Brown,a62e299b-4707-4ff5-ad53-d80b2b03319d,2021-09-01 07:54:10.915773
YE VS THE PEOPLE,KANYE WEST,Kanye West,164f0d73-1234-4e2c-8743-d77bf2191051,2021-09-01 07:54:10.915773
MOMENTS OF PLEASURE,KATE BUSH,Kate Bush,4b585938-f271-45e2-b19a-91c634b5e396,2021-09-01 07:54:10.915773
VOYAGE VOYAGE,KATE RYAN,Kate Ryan,89d746b8-7d18-4baf-8cee-659b07771568,2021-09-01 07:54:10.915773
WHAT IF,KATE WINSLET,Kate Winslet,ceb05831-03e8-4605-904d-894ee0492d00,2021-09-01 07:54:10.915773
THEATER,KATJA EBSTEIN,Katja Ebstein,1482ba1f-6b74-48f6-9ccb-e4cd5d615f0d,2021-09-01 07:54:10.915773
THE WEAKNESS IN ME,KEISHA WHITE,Keisha White,2c81a086-5f72-4ece-a890-bf26fd0090c1,2021-09-01 07:54:10.915773
LOW,KELLY CLARKSON,Kelly Clarkson,d339efbb-77b9-4147-ba9e-59f2f24550b2,2021-09-01 07:54:10.915773
FOREVER AND A DAY,KELLY ROWLAND,Kelly Rowland,31bea673-d23a-4889-8da1-7cb040863268,2021-09-01 07:54:10.915773
BEST OF YOU,KENNY THOMAS,Kenny Thomas,3f1bb8fe-c06f-4114-9078-25eecb066e64,2021-09-01 07:54:10.915773
FIRST KISS,KID ROCK,Kid Rock,ad0ecd8b-805e-406e-82cb-5b00c3a3a29e,2021-09-01 07:54:10.915773
CALIFORNIA WAITING,KINGS OF LEON,Kings of Leon,6ffb8ea9-2370-44d8-b678-e9237bbd347b,2021-09-01 07:54:10.915773
AUA OH OH GRINGO IST SAUER,KITSCHKRIEG,Kitschkrieg,bc8e482e-747b-4620-900e-1d5a6202ffbd,2021-09-01 07:54:10.915773
CHACUN SA ROUTE,KOD,KOD,919bb117-4ea8-4107-a924-80fe7ce95f56,2021-09-01 07:54:10.915773
DIESE TAGE,KRIS,Kris,e17e7a91-2542-45b2-aae5-94d200bf8fc7,2021-09-01 07:54:10.915773
FALLING SLOWLY,KRIS ALLEN,Kris Allen,9ce29a24-b118-41a3-9297-2618f26b124d,2021-09-01 07:54:10.915773
HIGHER LOVE,KYGO,Kygo,ba0e7638-0cd6-4ff4-8987-c3e224d22c23,2021-09-01 07:54:10.915773
BETTER THAN TODAY,KYLIE MINOGUE,Kylie Minogue,2fddb92d-24b2-46a5-bf28-3aed46f4684c,2021-09-01 07:54:10.915773
TOUTES LES FEMMES DE TA VIE,L5,L5,85fb3beb-7aba-4eb1-b67f-c872bfe48e8b,2021-09-01 07:54:10.915773
JAVAIS PAS LES MOTS,LA FOUINE,La Fouine,998f1ece-a2b0-47d2-93df-17553430ab73,2021-09-01 07:54:10.915773
DANCE IN THE DARK,LADY GAGA,Lady Gaga,650e7db6-b795-4eb5-a702-5ea2fc46c848,2021-09-01 07:54:10.915773
JE SURVIVRAI,LARUSSO,Larusso,ce402926-ad80-4555-a24b-fca1dc84911a,2021-09-01 07:54:10.915773
UNDERWEAR GOES INSIDE THE PANTS,LAZYB,Lazyboy,e47fbf55-6aeb-4f6c-81f7-6dfdc7452539,2021-09-01 07:54:10.915773
OPEN SESAME,LEILA K,Leila K,8f2fb138-2beb-4b4e-bed5-d0d33895aa5e,2021-09-01 07:54:10.915773
LIVING IN A FANTASY,LEO SAYER,Leo Sayer,74df4e2f-fe75-4b4a-87c5-3f1b4bc95aa2,2021-09-01 07:54:10.915773
ONE MORE SLEEP,LEONA LEWIS,Leona Lewis,8d552dfc-648f-401f-90de-e925013ca537,2021-09-01 07:54:10.915773
BEFORE YOU GO,LEWIS CAPALDI,Lewis Capaldi,526aab94-697f-44a9-b630-41d1c0505953,2021-09-01 07:54:10.915773
THE VOICE,LIL DURK,Lil Durk,c9cd225b-4883-428e-82c2-73e0b6282fb6,2021-09-01 07:54:10.915773
AMERICAN EYES,LILAC TIME,The Lilac Time,6a4879ec-4f3e-48e0-8e5b-a75c36af1855,2021-09-01 07:54:10.915773
BABE WERE GONNA LOVE TONITE,LIME,Lime,062a2cc3-21ec-4868-910d-23c442f704d3,2021-09-01 07:54:10.915773
YOU AND ME,LINER,Liner,9625f8fc-6e09-4ec1-ad91-1bd7aa546d4b,2021-09-01 07:54:10.915773
WAITING FOR THE END,LINKIN PARK,Linkin Park,f59c5520-5f46-4d2c-b2c4-822eabf53419,2021-09-01 07:54:10.915773
FATHER,LL COOL J,LL Cool J,a4dd0e77-83b8-4e92-89b7-effb0e47fd8c,2021-09-01 07:54:10.915773
WHEN YOU SLEEP,LONGVIEW,Longview,6e67c3cc-5e38-44a3-be96-d2a6446ded5b,2021-09-01 07:54:10.915773
ROOFTOPS A LIBERATION BROADCAST,LOSTPROPHETS,Lostprophets,ef6e2e49-aa93-41bd-89b0-8c7d2f260a83,2021-09-01 07:54:10.915773
MIOS MIT BARS,LUCIANO DE,Luciano,4600b3b7-57ad-410d-b65d-ca0df36822dd,2021-09-01 07:54:10.915773
FLOWER DUET,LUMINAIRE,Luminaire,fed89e3b-6532-475d-93fd-4b927b4b444f,2021-09-01 07:54:10.915773
NAKED EYE,LUSCIOUS JACKSON,Luscious Jackson,8be5d1de-e925-4e9f-b410-6d702cd8dcaa,2021-09-01 07:54:10.915773
MIDNIGHT CITY,M83,M83,6d7b7cd4-254b-4c25-83f6-dd20f98ceacd,2021-09-01 07:54:10.915773
LIVE TO TELL,MADONNA,Madonna,79239441-bfd5-4981-a70c-55c3f15c1287,2021-09-01 07:54:10.915773
LIFT ME,MADRUGADA,Madrugada,7520c1b4-59fe-4874-8a5f-6d4e6e36e98d,2021-09-01 07:54:10.915773
CARILLON,MAGIC BOX,Magic Box,e1b8a268-97fe-4bf7-b538-54814d403806,2021-09-01 07:54:10.915773
A VICTIM OF PLEASURE,MANDY SMITH,Mandy Smith,dfa02816-bf7b-4229-81e7-3e3d7a29537d,2021-09-01 07:54:10.915773
A LOVER SPURNED,MARC ALMOND,Marc Almond,d67e6b0a-d2c6-4e4a-ba30-7834701535a1,2021-09-01 07:54:10.915773
SENTO,MARCO BORSATO,Marco Borsato,f07b0d13-ef03-4537-a5b4-9474e71a578f,2021-09-01 07:54:10.915773
THANK GOD I FOUND YOU,MARIAH,Mariah Carey,494e8d09-f85b-4543-892f-a5096aed1cd4,2021-09-01 07:54:10.915773
HOOKS IN YOU,MARILLION,Marillion,1932f5b6-0b7b-4050-b1df-833ca89e5f44,2021-09-01 07:54:10.915773
THE NOBODIES,MARILYN MANSON,Marilyn Manson,5dfdca28-9ddc-4853-933c-8bc97d87beec,2021-09-01 07:54:10.915773
VALERIE,MARK RONSON,Mark Ronson,c3c82bdc-d9e7-4836-9746-c24ead47ca19,2021-09-01 07:54:10.915773
REJECTION,MARTIN SOLVEIG,Martin Solveig,06db73fd-57e2-4a6f-bcd3-699fb7bb7af4,2021-09-01 07:54:10.915773
KROSSA ALLA FONSTER,MASKINEN,Maskinen,2f96b6f8-40bb-4092-adba-45ee900ffd3f,2021-09-01 07:54:10.915773
TEARDROP,MASSIVE ATTACK,Massive Attack,10adbe5e-a2c0-4bf3-8249-2b4cbf6e6ca8,2021-09-01 07:54:10.915773
I CAN MAKE YOU FEEL LIKE,MAXX,Maxx,24410e2a-1024-4662-8f47-f48b14b5d991,2021-09-01 07:54:10.915773
LE RABBI MUFFIN,MC SOLAAR,MC Solaar,bbbd2644-b4cb-4bb5-a442-315310f68a0b,2021-09-01 07:54:10.915773
ROCK AND ROLL DREAMS COME THROUGH,MEAT LOAF,Meat Loaf,b134d1bf-c7c7-4427-93ac-9fdbc2b59ef1,2021-09-01 07:54:10.915773
10IN01,MEMBERS OF MAYDAY,Members of Mayday,620efc10-77da-428f-9d78-2ebc75760f46,2021-09-01 07:54:10.915773
MOTH INTO FLAME,METALLICA,Metallica,65f4f0c5-ef9e-490c-aee3-909e7ae6b2ab,2021-09-01 07:54:10.915773
STEEL BARS,MICHAEL BOLTON,Michael Bolton,e8bee5d1-a3a5-4c1a-ada4-f1ca22101e84,2021-09-01 07:54:10.915773
BEAT IT,MICHAEL JACKSON,Michael Jackson,f27ec8db-af05-4f36-916e-3d57f91ecf5e,2021-09-01 07:54:10.915773
SO INTO YOU,MICHAEL WATFORD,Michael Watford,82af8384-5687-4aff-93d0-eed97c93a420,2021-09-01 07:54:10.915773
DO YOU KNOW,MICHELLE GAYLE,Michelle Gayle,199a1272-fc60-4bd9-8406-0c9a91d33674,2021-09-01 07:54:10.915773
NO REGRETS,MIDGE URE,Midge Ure,24cac374-29bd-499f-a0f8-72165d2f2f43,2021-09-01 07:54:10.915773
BRING BACK THE LOVE,MIKE CANDYS,Mike Candys,d22704f3-dcf9-4318-b6bb-9eedf565aafa,2021-09-01 07:54:10.915773
ISLANDS,MIKE OLDFIELD,Mike Oldfield,a1684a49-feaa-4150-b758-d9412fc59f12,2021-09-01 07:54:10.915773
CANT BE TAMED,MILEY CYRUS,Miley Cyrus,7e9bd05a-117f-4cce-87bc-e011527a8b18,2021-09-01 07:54:10.915773
WIDE AWAKE,MILK INC,Milk Inc.,67bb73ee-e70c-4bfd-9bf1-e7a09768f9a9,2021-09-01 07:54:10.915773
THE HOUSE THAT BUILT ME,MIRANDA LAMBERT,Miranda Lambert,4eca1aa0-c79f-481b-af8a-4a2d6c41aa5c,2021-09-01 07:54:10.915773
I WROTE YOU A SONG,MISTY OLDLAND,Misty Oldland,84231cd8-3c7e-44f3-84d4-b1ab539d0a61,2021-09-01 07:54:10.915773
HAPPY,MN8,MN8,b1702b3d-36e7-4a77-b37a-72327ca49a57,2021-09-01 07:54:10.915773
I FEEL IT,MOBY,Moby,8970d868-0723-483b-a75b-51088913d3d4,2021-09-01 07:54:10.915773
PRIMITIVE LOVE RITES,MONDO ROCK,Mondo Rock,17559120-b3f5-48f4-a807-3c06163f6acb,2021-09-01 07:54:10.915773
MORE THAN MY HOMETOWN,MORGAN WALLEN,Morgan Wallen,2077273e-eaa1-4f49-903c-f286ededecb9,2021-09-01 07:54:10.915773
TAKE ME TO THE LIMIT,MR PRESIDENT,Mr. President,6255d25c-8231-4ff5-9b49-e26d760d6466,2021-09-01 07:54:10.915773
THE 2ND LAW UNSUSTAINABLE,MUSE,Muse,9c9f1380-2516-4fc9-a3e6-f9f61941d090,2021-09-01 07:54:10.915773
ELLE IMAGINE,NACASH,Nacash,ee37ea5a-faac-480a-bdc2-5e71f25b8ef0,2021-09-01 07:54:10.915773
STREET DREAMS,NAS,Nas,cfbc0924-0035-4d6c-8197-f024653af823,2021-09-01 07:54:10.915773
IVE GOT LOVE ON MY MIND,NATALIE COLE,Natalie Cole,eb45032c-80da-469c-be20-1d09f08ef37f,2021-09-01 07:54:10.915773
CRAZIEST,NAUGHTY BY NATURE,Naughty by Nature,3bdcd49d-212e-4f4f-877a-eac1e4a2bddc,2021-09-01 07:54:10.915773
LONG MAY YOU RUN LIVE,NEIL YOUNG,Neil Young,75167b8b-44e4-407b-9d35-effe87b223cf,2021-09-01 07:54:10.915773
JUST A DREAM,NELLY,Nelly,811900b2-68fc-4d41-8bad-69b7a1f4d628,2021-09-01 07:54:10.915773
IM LIKE A BIRD,NELLY FURTADO,Nelly Furtado,13655113-cd16-4b43-9dca-cadbbf26ee05,2021-09-01 07:54:10.915773
60 MILES AN HOUR,NEW ORDER,New Order,f1106b17-dcbb-45f6-b938-199ccfab50cc,2021-09-01 07:54:10.915773
DREAM CATCH ME,NEWTON FAULKNER,Newton Faulkner,ef0344c6-e24d-4fd3-be7e-c4eb9f62be2d,2021-09-01 07:54:10.915773
HOW YOU REMIND ME,NICKELBACK,Nickelback,bc710bcf-8815-42cf-bad2-3f1d12246aeb,2021-09-01 07:54:10.915773
ROOFTOP,NICO SANTOS,Nico Santos,15316b5d-232c-4288-a74e-14f9912a5b1d,2021-09-01 07:54:10.915773
WAY IN THE WORLD,NINA NESBITT,Barbara Nesbitt,a29b8b11-6654-4c27-8e21-e79b12042c52,2021-09-01 07:54:10.915773
SMELLS LIKE TEEN SPIRIT,NIRVANA,Nirvana,5b11f4ce-a62d-471e-81fc-a69a8278c7da,2021-09-01 07:54:10.915773
RIVERMAN,NOEL GALLAGHERS HIGH FLYING,Noel Gallagher’s High Flying Birds,d5f54887-117b-42a1-9aee-8780b84ebaba,2021-09-01 07:54:10.915773
SUNRISE,NORAH JONES,Norah Jones,985c709c-7771-4de3-9024-7bda29ebe3f9,2021-09-01 07:54:10.915773
T WURD TIED DAT WIJ WEER ES GOAT DANSEN,NORMAAL,Normaal,0096e98d-7dc7-437a-957a-6719ff1a0f20,2021-09-01 07:54:10.915773
U GIRLS,NUSH,Nush,4976d8ce-96ac-4382-af56-535698f83d35,2021-09-01 07:54:10.915773
SOME MIGHT SAY,OASIS,Oasis,39ab1aed-75e0-4140-bd47-540276886b60,2021-09-01 07:54:10.915773
TRAVELLERS TUNE,OCEAN COLOUR SCENE,Ocean Colour Scene,601d793d-7e96-4bb6-b4a6-712d5c926259,2021-09-01 07:54:10.915773
PARIS,OLIVIA RUIZ,Olivia Ruiz,5083e4bf-3246-4ab9-a6d3-23be8db8db2c,2021-09-01 07:54:10.915773
OUTSIDE,OMAR,Omar,8c41073b-4229-4eda-b45d-34513ed61304,2021-09-01 07:54:10.915773
ITS ABOUT TIME,ONE NIGHT ONLY,One Night Only,4e728a02-5bcd-426b-abe2-5537c921756d,2021-09-01 07:54:10.915773
APOLOGIZE,ONEREPUBLIC,OneRepublic,c33c2065-b1c3-4406-b066-d33a9e2ea71a,2021-09-01 07:54:10.915773
SITTIN ON THE DOCK OF THE BAY,OTIS REDDING,Otis Redding,82b1f5fd-cd31-41a9-b5d4-7e33f0eb9751,2021-09-01 07:54:10.915773
HEY YA,OUTKAST,OutKast,73fdb566-a9b1-494c-9f32-51768ec9fd27,2021-09-01 07:54:10.915773
FIREFLIES,OWL CITY,Owl City,ad279295-653f-42e1-9aaa-b731df2e78ba,2021-09-01 07:54:10.915773
ONE OF A KIND,PANDORA,Pandora,1f7b9d53-e7f2-4a05-b7e5-12c1a572204c,2021-09-01 07:54:10.915773
EVERY HOME SHOULD HAVE ONE,PATTI AUSTIN,Patti Austin,e58ae396-5050-4640-a5d1-8826b5c4ba13,2021-09-01 07:54:10.915773
FORT BOYARD,PAUL KOULAK,Paul Koulak,f4e05f94-1c2c-4d89-8fdd-3b2ee723fbdc,2021-09-01 07:54:10.915773
TUG OF WAR,PAUL MCCARTNEY,Paul McCartney,ba550d0e-adac-4864-b88b-407cab5e76af,2021-09-01 07:54:10.915773
SUNFLOWER,PAUL WELLER,Paul Weller,c4406045-e640-4cfe-8b88-4732cce314d4,2021-09-01 07:54:10.915773
DAUGHTER,PEARL JAM,Pearl Jam,83b9cbe7-9857-49e2-ab8e-b57b01038103,2021-09-01 07:54:10.915773
CAN YOU FORGIVE HER,PET SHOP BOYS,Pet Shop Boys,be540c02-7898-4b79-9acc-c8122c7d9e83,2021-09-01 07:54:10.915773
KISS THE GIRL,PETER ANDRE,Peter Andre,090e9c0a-6767-49e0-8f51-84a43226a174,2021-09-01 07:54:10.915773
VLIEGEN ALS EEN VOGEL,PETER SCHAAP,Peter Schaap,41794418-5094-43e4-8165-a7b8df4d8592,2021-09-01 07:54:10.915773
IL EST PARTI,PHIL BARNEY,Phil Barney,d6a38384-02bd-4db8-8da6-e3ea22147be2,2021-09-01 07:54:10.915773
WHO SAID I WOULD,PHIL COLLINS,Phil Collins,401c3991-b76b-499d-8082-9f2df958ef78,2021-09-01 07:54:10.915773
WHEN YOU WALK IN THE ROOM,PIET VEERMAN,Piet Veerman,ea98ec56-8ce2-42e2-b653-b5c649ec4065,2021-09-01 07:54:10.915773
TIMBER,PITBULL,Pitbull,d262ea27-3ffe-40f7-b922-85c42d625e67,2021-09-01 07:54:10.915773
TOO MANY FRIENDS,PLACEBO,Placebo,847e8284-8582-4b0e-9c26-b042a4f49e57,2021-09-01 07:54:10.915773
TWIXT,PLASTIC BOY,Plastic Boy,bf5e4520-1938-49c4-befa-7bc723455343,2021-09-01 07:54:10.915773
LE SEIGNEUR DES TENEBRES,PLEASURE GAME,Pleasure Game,8105b12c-fddf-4f23-bcd7-fb0161789085,2021-09-01 07:54:10.915773
POCO LOCO,POCO LOCO GANG,Poco Loco Gang,b0f3a730-97b3-4f85-8f79-09be8b8b0f05,2021-09-01 07:54:10.915773
IM SO EXCITED,POINTER SISTERS,The Pointer Sisters,81bac815-97c5-4723-8f0b-4d8edfad1010,2021-09-01 07:54:10.915773
SOMETHING TO BELIEVE IN,POISON,Poison,c79c43d4-cbed-4373-89ce-6560f62eb7d8,2021-09-01 07:54:10.915773
LET ME STAY,PREZIOSO,Prezioso feat. Marvin,05088a61-5588-4892-82e6-337e57096a43,2021-09-01 07:54:10.915773
AUTOBAHN 66,PRIMAL SCREAM,Primal Scream,55704c38-224f-4b75-b29f-d43653f8bc9a,2021-09-01 07:54:10.915773
UNITED,PRINCE ITAL JOE,Prince Ital Joe,329c77e3-a4ad-4770-9081-a5716a20ab70,2021-09-01 07:54:10.915773
IM GONNA BE 500 MILES,PROCLAIMERS,The Proclaimers,1303b976-b862-4f04-94fd-a8d444e06714,2021-09-01 07:54:10.915773
OUT OF SPACE,PRODIGY,The Prodigy,4a4ee089-93b1-4470-af9a-6ff575d32704,2021-09-01 07:54:10.915773
WELCOME TO THE TERRORDOME,PUBLIC ENEMY,Public Enemy,bf2e15d0-4b77-469e-bfb4-f8414415baca,2021-09-01 07:54:10.915773
SOMETHING CHANGED,PULP,Pulp,76b2e842-5e85-4c97-ab62-d5bc315595b5,2021-09-01 07:54:10.915773
TOO MUCH LOVE WILL KILL YOU,QUEEN,Queen,0383dadf-2a4e-4d10-a46a-e9e041da8eb3,2021-09-01 07:54:10.915773
MAKE IT WIT CHU,QUEENS OF THE STONE AGE,Queens of the Stone Age,7dc8f5bd-9d0b-4087-9f73-dc164950bbd8,2021-09-01 07:54:10.915773
NO SURPRISES,RADIOHEAD,Radiohead,a74b1b7f-71a5-4011-9441-d0b5e4122711,2021-09-01 07:54:10.915773
AWAKENING,RANK 1,Rank 1,bd5d07eb-dcb8-4d11-b873-908401e92ee4,2021-09-01 07:54:10.915773
GEORGIA ON MY MIND,RAY CHARLES,Ray Charles,2ce02909-598b-44ef-a456-151ba0a3bd70,2021-09-01 07:54:10.915773
ROLLING STONE,REAL PEOPLE,The Real People,80c0829a-9fcf-49d9-9987-c84e8bfa8b9e,2021-09-01 07:54:10.915773
SCAR TISSUE,RED HOT CHILI PEPPERS,Red Hot Chili Peppers,8bfac288-ccc5-448d-9573-c33ea2aa5c30,2021-09-01 07:54:10.915773
JUST SAY HELLO,RENE FROGER,René Froger,d64758a9-5950-465e-8d5f-fb7a7ecd4843,2021-09-01 07:54:10.915773
LASS MICH DICH NOCH EINMAL SPURN,REX GILDO,Rex Gildo,bfcf00f6-65bb-4338-9211-5047e778b35a,2021-09-01 07:54:10.915773
BUY IT IN BOTTLES,RICHARD ASHCROFT,Richard Ashcroft,2d1d8985-47bc-4244-8cc3-577584e411f6,2021-09-01 07:54:10.915773
SHE BANGS,RICKY MARTIN,Ricky Martin,70ea63ea-70dc-4b63-951a-2c249d2b3b0a,2021-09-01 07:54:10.915773
RUDE BOY,RIHANNA,Rihanna,73e5e69d-3554-40d8-8516-00cb38737a1c,2021-09-01 07:54:10.915773
ONLY WANT YOU,RITA ORA,Rita Ora,c9dd033c-0270-463c-b3ec-f4b7712486fe,2021-09-01 07:54:10.915773
BREAK THE SILENCE,RMB,RMB,b29c6896-8c6b-4ef5-9f33-57ba1131faac,2021-09-01 07:54:10.915773
DRAGULA,ROB ZOMBIE,Rob Zombie,c995a379-60b9-404b-bd97-a7e2de0751d3,2021-09-01 07:54:10.915773
CANDY,ROBBIE WILLIAMS,Robbie Williams,db4624cf-0e44-481e-a9dc-2142b833ec2f,2021-09-01 07:54:10.915773
SMILE,ROBERT DOWNEY JR,"Robert Downey, Jr.",49e26070-0937-4178-a549-6bbe3c36f282,2021-09-01 07:54:10.915773
CHILDREN,ROBERT MILES,Robert Miles,e83144dd-bb95-49fe-b1dd-00bab25cca9e,2021-09-01 07:54:10.915773
